adminid,adminname,emailadd,password,region,gender,phoneno,recoemail,approleid
1,Andrew,asdf@gmail.com,123456,asian,male,512451335,recov@gmail.com,2
2,Anne,qwer@gmail.com,123456,us,female,547842135,recov@gmail.com,2
3,Eric,Zzxcv@gmail.com,123456,us,male,845415322,recov@gmail.com,2
4,Bo,sjid@gmail.com,123456,uk,male,518764652,recov@gmail.com,2
5,Pooja,ilkxijv@gmail.com,123456,uk,female,513256954,recov@gmail.com,2
6,Vraj,ijlkji@gmail.com,123456,australia,male,852231521,recov@gmail.com,2
7,Buford,qpiee@gmail.com,123456,us,female,125184354,recov@gmail.com,2
8,Michael,zijle@gmail.com,123456,japan,female,845435453,recov@gmail.com,2
9,Tom,asdv@gmail.com,123456,us,male,458454652,recov@gmail.com,2
10,James,pinlsd@gmail.com,123456,us,male,153215145,recov@gmail.com,2
