producerName,region,Phone_Number,Email
120Films|Canal+|Eskwad,France,3619087606,RXXU@gmail.com
1492Pictures|ColumbiaPicturesCorporation|LaurenceMarkProductions,USA|Germany,3176381672,NPIP@gmail.com
1492Pictures|HeydayFilms|MIRACLEProductionsGmbHCo.KG,UK|USA|Germany,2506215931,MCIE@gmail.com
1492Pictures|TwentiethCenturyFoxFilmCorporation,USA,5438477840,KHYW@gmail.com
17thStreetProductions|AlloyEntertainment|CBSParamountNetworkTelevision,USA,328908828,DZYA@gmail.com
1984PrivateDefenseContractors|CrossCreekPictures|DaVinciMediaVentures,USA,4497560747,ZGBG@gmail.com
2.4.7.Films|France3Cin茅ma|Kennedy/MarshallCompany|The,France|USA,6122412486,UIYF@gmail.com
20thCenturyFoxTelevision|AmigosdeGarciaProductions,USA,854257625,HABF@gmail.com
20thCenturyFoxTelevision|AtlanticCreative|FoxTelevisionAnimation,USA,2671337400,FFDB@gmail.com
20thCenturyFoxTelevision|BaysThomasProductions,USA,3535915204,OHVQ@gmail.com
20thCenturyFoxTelevision|FuzzyDoorProductions|FoxTelevisionAnimation,USA,509269403,TJRE@gmail.com
21LapsEntertainment|MonkeyMassacre,USA,8804911067,CWED@gmail.com
25thHourProductions|40AcresAMuleFilmworks|GamutFilms,USA,9486960916,VFPH@gmail.com
3ArtsEntertainment|AltschulerKrinskyWorks|JudgementalFilmsInc.,USA,3471789151,WKZT@gmail.com
3ArtsEntertainment|BayFilms|DuneFilms,Malta|Morocco|USA,3428704542,MMFK@gmail.com
3ArtsEntertainment|DoubleFeatureFilms|PeaPieFilms,USA,4968202836,ZMOQ@gmail.com
3ArtsEntertainment|JoliePas|LegendaryEntertainment,USA,4768372344,SDRY@gmail.com
3leven|CaglarArtsEntertainment|InsigniaProductions,Turkey,8466466832,IWUJ@gmail.com
888Productions|GoldenHarvestCompany|LimelightEntertainment,USA|HongKong,6072353742,JQEK@gmail.com
A.A.ProductionsLtd.|Anya|Harris-KubrickProductions,UK|USA,137005477,WNJM@gmail.com
A24|PASTEL|PlanBEntertainment,USA,3325370084,SQSF@gmail.com
AamirKhanProductions|AshutoshGowarikerProductionsPvt.Ltd.|JhamuSughandProductions,India,1224131731,XVMG@gmail.com
AamirKhanProductions|PVRPictures,India,4628132531,VKWB@gmail.com
AamirKhanProductions|WaltDisneyPictures,India,2983925227,GGGV@gmail.com
AardmanAnimations|DreamWorksAnimation,UK|USA,1593824376,RGPF@gmail.com
AardmanAnimations|DreamWorksAnimation|Path茅,UK|USA,3578672661,TRNH@gmail.com
AbandonEntertainment|CollisionEntertainment|DepthEntertainment,UK|USA|France,1897654225,CLED@gmail.com
ABCFamily|AlloyEntertainment|WarnerHorizonTelevision,Canada|USA,5953698785,XVTQ@gmail.com
ABCStudios|DeKnightProductions|GoddardTextiles,USA,8456550737,LPFS@gmail.com
ABCStudios|Disney-ABCDomesticTelevision|MarvelStudios,USA,6998229812,IEKG@gmail.com
ABCStudios|MarvelStudios|TallGirlsProductions,USA,235653826,SMMI@gmail.com
ABCTelevisionStudio|Disney-ABCDomesticTelevision|MarvelEntertainment,USA,3025726060,PQWW@gmail.com
AbrahamProductions|BazelevsProduction|LocationGourmet,USA,7590966874,EQVW@gmail.com
Adelstein-ParouseProductions|DawnOlmsteadProductions|AdelsteinProductions,USA,5866401337,TGUO@gmail.com
AggregateFilms|DumbDumb|StuberProductions,UK|USA,9855014910,IZBC@gmail.com
AggressiveMediocrity|AndThen...|ShowtimeNetworks,USA,5481863775,SACG@gmail.com
AggressiveMediocrity|DCEntertainment|JerryBruckheimerTelevision,USA,9238980028,BBAR@gmail.com
AirborneProductions|IconProductions,USA,5779306826,UKBB@gmail.com
AkiraCommitteeCompanyLtd.|K么dansha|MainichiBroadcastingSystem(MBS),USA,14463420,OZCK@gmail.com
AlconEntertainment|8:38Productions|MadhouseEntertainment,Japan,9222711626,EJLO@gmail.com
AlconEntertainment|BellePictures|WarnerBros.Entertainment,USA,6022851920,PLUV@gmail.com
AlconEntertainment|DMGEntertainment|StraightUpFilms,USA,3026321398,ZUGV@gmail.com
AlconEntertainment|GrosvenorParkProductions|WendyFinermanProductions,UK|China|USA,5992165013,AJJF@gmail.com
AlconEntertainment|LeftTacklePictures|NetterProductions,USA,2257455168,ADBY@gmail.com
AlconEntertainment|MillenniumFilms|Emmett/Furla/OasisFilms(EFOFilms),USA,5779011343,PHKK@gmail.com
AlconEntertainment|SilverPictures,USA|Germany,847945874,GCGJ@gmail.com
AlconEntertainment|Witt/ThomasProductions|SectionEight,USA,1834411315,JKFS@gmail.com
AlcorFilms|Canal+|RegencyEnterprises,USA|Canada,9083813511,JSYT@gmail.com
AldamisaEntertainment|DemarestFilms|Miramax,France|USA|UK,7112950344,HWGJ@gmail.com
AldamisaEntertainment|KilburnMedia,USA,2262066422,MLOL@gmail.com
AlfredJ.HitchcockProductions,USA,8627222196,AGOQ@gmail.com
AliveFilms|LarryFrancoProductions,USA,5713149700,MMHW@gmail.com
AllianceAtlantisCommunications|CanadianTelevisionFund|HaroldGreenbergFund|The,USA,743113369,KQJI@gmail.com
AllianceAtlantisCommunications|CBSParamountNetworkTelevision|CBSProductions,USA,5323372566,KJUU@gmail.com
AllianceFilms|IMGlobal|BlumhouseProductions,USA,4033465208,ZHDY@gmail.com
AllianceFilms|IMGlobal|HauntedMovies,Canada|UK,6656592437,FWFH@gmail.com
AllisonShearmurProductions|BeaglePugFilms|GenreFilms,USA|Canada,8956612635,GMBK@gmail.com
AllisonShearmurProductions|KeepYourHead|Lionsgate,USA|UK,4044130875,YCJQ@gmail.com
AlloyEntertainment|BonanzaProductions|WarnerBros.Television,USA|Canada|UK,446273721,CYHO@gmail.com
AltavistaFilms|ZetaFilm,USA|UK,7577333593,VVOB@gmail.com
AMAssociates|Fukasaku-gumi|GAGA,USA,3938385219,ULQH@gmail.com
AmazonStudios|KPeriodMedia|PearlStreetFilms,USA,7581537730,HHHW@gmail.com
AmblinEntertainment|CappaFilms|TribecaProductions,Mexico,747965642,VWRC@gmail.com
AmblinEntertainment|DreamWorks|Fox2000Pictures,Japan,3729860494,EBNL@gmail.com
AmblinEntertainment|TriStarPictures,USA,2826478747,WXOZ@gmail.com
AmblinEntertainment|WarnerBros.,USA,7031073984,VYJJ@gmail.com
AmblinPartners|DreamWorks|MarcPlattProductions,USA|Germany|India,4413223685,DLXE@gmail.com
AmblinTelevision|BaerBones|CBSTelevisionStudios,USA,2309736213,OAIR@gmail.com
AmblinTelevision|CherninEntertainment|KapitalEntertainment,USA,1256691225,WTXD@gmail.com
AmenRaFilms|ImaginaryForces|MarvelEnterprises,USA,9687620074,CQPD@gmail.com
AmericanEmpiricalPictures|TouchstonePictures,USA,1597118304,BUVM@gmail.com
AmericanEntertainmentPartnersIIL.P.|GracieFilms|TwentiethCenturyFoxFilmCorporation,Australia|USA,3042211623,MFPW@gmail.com
AmericanFilmInstitute(AFI)|LibraFilms,USA,2161891738,DOHH@gmail.com
AmericanGenreFilmArchive|KerryEhrinProductions|UniversalTelevision,USA,8816178691,NPOY@gmail.com
AmericanMovieClassics(AMC)|CircleofConfusion|ValhallaMotionPictures,USA,7966894049,EIBR@gmail.com
AmericanZoetrope|ColumbiaPicturesCorporation|OsirisFilms,USA,8045718850,HICN@gmail.com
AmericanZoetrope|EternityPictures|MuseProductions,USA,1929911754,JVFI@gmail.com
AmericanZoetrope|FilmNationEntertainment|NALAFilms,USA,5347958676,XKOL@gmail.com
AMLF|TheSaulZaentzCompany,USA,887734306,MMPU@gmail.com
AmPsychoProductions|EdwardR.PressmanFilm|LionsGateFilms,USA,1361663584,LGJE@gmail.com
AnabasisN.V.,USA|UK|France|Germany|Japan,6257586704,TTSE@gmail.com
AnabasisN.V.|ElcajoProductions,USA|France,6315813128,OSNA@gmail.com
AnarchosProductions|GeorgevilleTelevision|JavelinProductions,USA,9149464092,JIQB@gmail.com
AndrewLaurenProductions(ALP)|21LapsEntertainment|GlobalProduce,USA,3238838741,UQOH@gmail.com
AngryFilms|InternationalProductionCompany|JDProductions,USA,1318256666,KEOD@gmail.com
AnheloProducciones|BesameMuchoPictures|ProduccionesAnhelo,USA,6951522978,UYJR@gmail.com
AnnapurnaPictures,USA,842835037,POSA@gmail.com
AnnapurnaPictures|ColumbiaPictures|PointGreyPictures,USA|Germany|CzechRepublic|UK,6621980753,UQSD@gmail.com
AnnapurnaPictures|LikelyStory|MediaRightsCapital(MRC),Mexico,1505205758,OTQE@gmail.com
AnonymousContent|Passenger,USA,5762561558,PXXF@gmail.com
AnonymousContent|UniversalCableProductions,USA,6963972897,LHWY@gmail.com
AnonymousContent|Winter'sBoneProductions,USA,4557392906,EVJX@gmail.com
ApatowProductions|Dentsu|FujiTelevisionNetwork,USA,4839429493,PPRY@gmail.com
ApatowProductions|DreamWorksTelevision,USA,8729908587,PPHK@gmail.com
ApatowProductions|FortyProductions,USA,6583460672,XUED@gmail.com
APJACProductions|TwentiethCenturyFoxFilmCorporation,Japan|USA,7764572183,AJTI@gmail.com
Apostle|AveryPix|NewLineCinema,USA,8021560052,GQEQ@gmail.com
AppianWay|EnergyEntertainment|RedGranitePictures,USA,6530451123,XDKQ@gmail.com
ArkaMediaworks,USA,9692648437,ZWBE@gmail.com
ArtisanEntertainment|R.P.Productions|OrlyFilms,USA,1227157884,GKXM@outlook.com
ArtisanEntertainment|ThousandWords|SiblingProductions,UK|USA,1942028400,AYTY@outlook.com
ArtistsEntertainmentComplex|ProduzioniDeLaurentiisInternationalManufacturingCompany,India,5900545799,DMDE@outlook.com
ArtistsPublicDomain,Spain|France|USA,6326591012,BBIN@outlook.com
AsgharFarhadiProductions|DreamlabFilms|MPAAPSAAcademyFilmFund,USA,4885611,LUSH@outlook.com
AshtonProductions|MirischCorporation|The,Italy|USA,6005744921,KXYH@outlook.com
AsiaUnionFilmEntertainmentLtd.|ChinaFilmCo-ProductionCorporation|ColumbiaPicturesFilmProductionAsia,USA,8051674268,HLQI@outlook.com
AsisProductions|CanadaFilmCapital|DepartmentofTradeandIndustryofSouthAfrica,Iran|France,5515196655,VVZC@outlook.com
AstoriaFilms|BaltimorePictures|PolygramFilmedEntertainment,USA,7766324229,QXTM@outlook.com
Astralwerks|GramercyPictures(I)|PropagandaFilms,Taiwan|HongKong|USA|China,8670838027,WJJC@outlook.com
AsymmetricalProductions|Canal+|ChannelFourFilms,SouthAfrica|Canada|USA,4310202862,DIRJ@outlook.com
AtlasEntertainment|DCComics|DCEntertainment,USA,1327094164,KLXO@outlook.com
AtlasEntertainment|MonarchyEnterprisesB.V.|RegencyEnterprises,USA,4263206109,ROGU@outlook.com
AtlasEntertainment|RelativityMedia,France|UK|USA,4000536700,HEEP@outlook.com
AudiovisualAvalSGR|AvalisdeCatalunyaSGR|GeneralitatdeCatalunya-InstitutCatal_delesInd煤striesCulturals(ICIC),USA,2347182868,BZZU@outlook.com
AveryPix|HappyMadisonProductions|NewLineCinema,Germany|USA,2623412420,YINQ@outlook.com
AzoffEntertainment|BeaconCommunications|BeaconPictures,USA,7471785886,DWHV@outlook.com
Babieka|SurvivalPictures|WonderfulFilms,Spain|UK|USA|France,3513081275,WDYM@outlook.com
Babylon|MNPEntreprise|StudioCanal,USA,8462766408,LMUS@outlook.com
BadRobot|JerryWeintraubProductions|KilterFilms,USA,5733026579,ACJB@outlook.com
BadRobot|TouchstoneTelevision|ABCStudios,Spain|USA,1647059499,JIHB@outlook.com
BadRobot|WarnerBros.Television|FB2Films,France,1802232444,QEAX@outlook.com
BakerStreet|OddLotEntertainment|YankFilmFinance,USA,4725317640,PDLW@outlook.com
BaltimorePictures|NewLineCinema|PunchProductions,USA,5265997854,MZUD@outlook.com
BavariaFilm|RadiantFilmGmbH|S眉ddeutscherRundfunk(SDR),USA|Canada,8714319103,IMUC@outlook.com
BazmarkFilms|TwentiethCenturyFoxFilmCorporation,USA|UK,7098601589,RXWC@outlook.com
BBCFilms|FinolaDwyerProductions|WildgazeFilms,USA,9466051555,VEXQ@outlook.com
BBCFilms|IngeniousFilmPartners|PhoenixWiley,WestGermany,3395420064,TPBO@outlook.com
BBCFilms|RubyFilms|SmokehousePictures,USA,2210184230,WLXL@outlook.com
BBCFilms|ThemaProduction|JadaProductions,UK|USA,3425548612,SPSG@outlook.com
BBCFilms|UKFilmCouncil|FootprintInvestmentFund,UK|USA,1893239945,WKZK@outlook.com
BBCWales|BritishBroadcastingCorporation(BBC)|CanadianBroadcastingCorporation(CBC),USA|UK,3437231374,MGLE@outlook.com
BeaconCommunications|BeaconPictures,UK|Ireland|Luxembourg,705202319,DQSB@outlook.com
BeaconCommunications|BeaconPictures|Lucifilms,UK|USA,1084906299,WIWI@outlook.com
BeaconPictures|ExperimentalPictures|ABCStudios,UK|Canada,1538454415,XQSG@outlook.com
BedfordFallsCompany|The|CompulsionInc.|InitialEntertainmentGroup(IEG),USA,2610517237,DGYQ@outlook.com
BeforeTheDoorPictures|BenaroyaPictures|WashingtonSquareFilms,USA,9856142534,KAHY@outlook.com
BeGentlemenLimitedPartnership|LawrenceBenderProductions|Miramax,USA,2439787172,BTYK@outlook.com
BeijingNewPictureFilmCo.|ChinaFilmCo-ProductionCorporation|EdkoFilms,USA|Germany,404587407,XNWR@outlook.com
BeijingNewPictureFilmCo.|ChinaFilmCo-ProductionCorporation|EliteGroupEnterprises,USA,2539908254,IRAK@outlook.com
BeijingShengShiHuaReiFilmInvestmentManagementCo.|ChinaFilmCo-ProductionCorporation|MandarinFilmsDistribution,USA,3725089319,IMXI@outlook.com
BelisariusProductions|ParamountNetworkTelevision|CBSParamountNetworkTelevision,China|HongKong,5265569617,JWIW@outlook.com
BellanovaFilms|UglyDucklingFilms,China|HongKong,2058966237,WZJL@outlook.com
BenderSpink|DavidDobkinProductions|NewLineCinema,HongKong|China,8938870474,XYSI@outlook.com
BenderSpink|FilmEngine|KatalystFilms,USA,7052454739,XWRQ@outlook.com
BenderSpink|NewLineCinema|RatPacEntertainment,USA|UK,5394976804,CRCG@outlook.com
BergmanLustigProductions,USA,7013785114,MXWW@outlook.com
BerlantiProductions|DCEntertainment|WarnerBros.Television,USA|Canada,7645557293,KVQU@outlook.com
BerlantiProductions|WarnerBros.Television,USA,4750426201,KFQA@outlook.com
BeverlyDetroit|ClinicaEstetico|GoodMachine,USA,3408634237,WOQO@outlook.com
BigBeachFilms|LikelyStory|TheWeinsteinCompany,USA,4866478622,NZQI@outlook.com
BigScreenProductions|BobIndustries|CherninEntertainment,USA,5859804722,MZRA@outlook.com
BillGrahamFilms|CarolcoInternationalN.V.|CarolcoPictures,USA,2453341928,MYPV@outlook.com
BlackBearPictures|BristolAutomotive,USA,4741205162,HWDB@outlook.com
Blackbird|ColdIronPictures|Tadmor,USA,5130731246,PRKN@outlook.com
BlackLabelMedia|Lionsgate|ThunderRoadPictures,USA,5992339909,DJXQ@outlook.com
BlindingEdgePictures|BlumhouseProductions,USA,4901930247,XTCO@outlook.com
BlindingEdgePictures|BlumhouseProductions|Dentsu,UK|USA,1673425046,KYTH@outlook.com
BlindSpotPicturesOy|27FilmsProduction|NewHollandPictures,USA|Sweden,8561675440,DMLF@outlook.com
Block2Pictures|JetToneProduction|ParadisFilms,USA,5184859335,OMLC@outlook.com
BlownDeadlineProductions|HomeBoxOffice(HBO),USA,6343122763,ZEMJ@outlook.com
BlueAskew|TheWeinsteinCompany|ViewAskewProductions,Japan|USA,5334319490,TFGT@outlook.com
BluebushProductions|3ArtsEntertainment|FXProductions,Finland|Germany|Australia,4274729405,JLNW@outlook.com
BluegrassFilms|FuzzyDoorProductions|MediaRightsCapital(MRC),HongKong|China,7119876308,REOZ@outlook.com
BlueHazeEntertainment|Canal+Espa帽a|Deseo|El,USA,6376660195,LGMX@outlook.com
BlueprintPictures,USA,4549959612,UASW@outlook.com
BlueSkyStudios|FortyFourStudios|TwentiethCenturyFoxAnimation,USA,7539105383,PUAP@outlook.com
BlueSkyStudios|TwentiethCenturyFoxAnimation|TwentiethCenturyFoxFilmCorporation,USA,6623205016,VTOI@outlook.com
BlumhouseProductions|AhimsaFilms|Blue-TongueFilms,Spain,9406669524,FCSD@outlook.com
BlumhouseProductions|MonkeypawProductions|QCEntertainment,UK|USA|UnitedArabEmirates,5506908483,VLJL@outlook.com
BobIndustries|FoxSearchlightPictures|PacificStandard,USA,3664290248,LXVX@outlook.com
BobYariProductions|DEJProductions|BlackfriarsBridgeFilms,USA,8952296822,FLDD@outlook.com
BoldFilms,USA|Australia|China,8618878649,PTCJ@outlook.com
BoldFilms|BlumhouseProductions|RightofWayFilms,USA,2666926490,QCBY@outlook.com
BoldFilms|Sierra/Affinity|Nightcrawler,USA,8524704153,EMRB@outlook.com
BonaFideProductions|MTVFilms|ParamountPictures,USA|Germany,9221633970,SLXI@outlook.com
BonanzaProductions|AlloyEntertainment|WarnerBros.Television,USA,6074484578,NIDA@outlook.com
BonanzaProductions|JohnWellsProductions|WarnerBros.Television,USA,748279108,BMBF@outlook.com
BonanzaProductions|MySo-CalledCompany|AlloyEntertainment,USA,7183758585,DLJR@outlook.com
BonanzaProductions|OuterbanksEntertainment|WarnerBros.Television,USA,9228490970,AKVK@outlook.com
BradFalchukTeley-Vision|RyanMurphyProductions|20thCenturyFoxTelevision,USA,2864776438,ATRU@outlook.com
BrandywineProductions|TwentiethCenturyFoxFilmCorporation,USA,2818463591,EXVU@outlook.com
BrandywineProductions|TwentiethCentury-FoxProductions,USA,5834720229,ZVIT@outlook.com
BraveworldProductions|HomeBoxOffice(HBO)|KeithBarishProductions,USA,7538547570,BGLR@outlook.com
BritishBroadcastingCorporation(BBC),USA,8955738399,VKDG@outlook.com
BritishSkyBroadcasting(BSkyB)|DavidEickProductions|NBCUniversalTelevision,USA,2403572230,GILX@outlook.com
BroadGreenPictures|FilmScience,USA,5110866174,RFKZ@outlook.com
BroadwayVideo|LittleStranger|NBCStudios,UK|USA,6688498579,SUHT@outlook.com
Brooksfilms,USA,8198203643,MOCM@outlook.com
Brooksfilms|Gaumont,UK,7178668453,TMPM@outlook.com
Brooksfilms|Metro-Goldwyn-Mayer(MGM),UK,8946015067,JPUB@outlook.com
BrownstoneProductions(II)|GoldCircleFilms,UK,869299227,HSSH@outlook.com
BrownstoneProductions(II)|GoldCircleFilms|UniversalPictures,USA,443259603,TDFX@outlook.com
BrynaProductions,USA,6530248605,SRBV@outlook.com
BuenaVistaHomeEntertainment|DENTSUMusicAndEntertainment|Mitsubishi,USA,878968577,DZUQ@outlook.com
BuenaVistaPictures|DoricProductions|SilverScreenPartnersIII,USA|UK,3782688243,BGPW@outlook.com
BZEntertainment|GreenHatFilms|JointEffort,France|USA,861508968,JBBL@outlook.com
B贸rdScann谩nnah_ireann|IrishFilmBoard|RadioTelef铆s_ireann(RT_),USA,2931410638,FVJO@outlook.com
CamelotPictures|JerseyFilms|DoubleFeatureFilms,USA,6406106992,TLKJ@outlook.com
Canal+|CentropolisFilmProductions|CarolcoPictures,USA,4990088977,IJCG@outlook.com
Canal+|Cofinergie6|EggPictures,USA,1188347009,TYRQ@outlook.com
Canal+Espa帽a|Deseo|El|MinisteriodeCultura,USA,1736712166,BILU@outlook.com
CanyonCreekFilms|ConstantinFilm,Japan,1310564991,QLKD@outlook.com
CapellaInternational|Eric'sBoy|JunoPix,USA|Mexico,1991345737,SRMH@outlook.com
CapitolFilms|FunkyBuddhaProductions|UnityProductions,USA|Cambodia,1536731155,HBPY@outlook.com
CaptivateEntertainment|DoubleNegative|Kennedy/MarshallCompany|The,Ireland,4303116700,OGVG@outlook.com
CarnivalFilmTelevision|MasterpieceTheatre,USA,9880967544,IDHC@outlook.com
CarolcoPictures,France|USA,214274074,CNYK@outlook.com
CarolcoPictures|Canal+,France,9383567753,DMYS@outlook.com
CarolcoPictures|Canal+|Pioneer,Spain,2554115683,MEEV@outlook.com
CarolcoPictures|CarolcoInternationalN.V.,Germany|UK,6349534325,FSML@outlook.com
CarolcoPictures|PacificWestern|LightstormEntertainment,USA|Germany,3514896873,AZBN@outlook.com
CarouselProductions(II),USA,1819332458,GZQY@outlook.com
Carsey-Werner-MandabachProductions|20thCenturyFoxTelevision|Carsey-WernerCompany,UK|China|USA,8574642783,SBQR@outlook.com
CarynMandabachProductions|TigerAspectProductions|BritishBroadcastingCorporation(BBC),UK,8248725043,SGMG@outlook.com
CaseySilverProductions|ChinaFilmCo-ProductionCorporation|HuayiBrothersMedia,USA,8778796005,YJMN@outlook.com
CastelaoProducciones|Filmax|InstitutodelaCinematograf铆aydelasArtesAudiovisuales(ICAA),USA,2557045105,TJVB@outlook.com
CastleRockEntertainment,France|USA,1141758388,VFZL@outlook.com
CastleRockEntertainment|DarkwoodsProductions|WarnerBros.,USA|Italy|France,3815235237,DZAJ@outlook.com
CastleRockEntertainment|DetourFilmproduction|FilmhausWienUniversaFilmproduktions,USA,2778114704,BEEY@outlook.com
CastleRockEntertainment|NelsonEntertainment,USA|France,6222522428,QJFC@outlook.com
CastleRockEntertainment|Shangri-LaEntertainment|Playtone,USA,3960455091,FVZY@outlook.com
CastleRockEntertainment|VillageRoadshowPictures|NPVEntertainment,USA,4423923244,DQXA@outlook.com
CastleRockEntertainment|VillageRoadshowPictures|ReserveRoom,TriviaAlthoughsetin1920sBirmingham|theshowismostlyfilmedaroundLiverpoolandMerseysideandinLondon.Whereverpossibleandappropriate|scenesareshotinBirminghamandtheWestMidlands(suchasTheBlackCountryMuseuminDudley)howeverthereareveryfewareasofBirminghamleftthatstillresembletheperiodenvironmentrequired.Seemore,1257321922,IAHA@outlook.com
CasualFridayProductions|GunnFilms|WaltDisneyPictures,USA|China,4206918923,BSKE@outlook.com
CBSFilms|Film4|BritishFilmInstitute(BFI),Spain,3668237833,ZLFB@outlook.com
CBSFilms|GoodUniverse|LaurenceMarkProductions,USA,4221158586,FJHC@outlook.com
CBSFilms|MELS|Mel'sCiteduCinema,USA,4160827726,AWPD@outlook.com
CBSFilms|MillenniumFilms|Chartoff-WinklerProductions,USA|Austria|Switzerland,8496936376,TEQR@outlook.com
CBSFilms|StudioCanal|AntonCapitalEntertainment(ACE),USA,4218438946,KDSG@outlook.com
CBSFilms|TriStarPictures|CastleRockEntertainment,USA,3083453982,VSLM@outlook.com
CBSParamountNetworkTelevision|HomeBoxOffice(HBO)|ParamountNetworkTelevision,USA,9910501396,OVCN@outlook.com
CecchiGoriPictures|JunoPix|NewLineCinema,USA,7255991456,UTQU@outlook.com
CeladorFilms|NorthmenProductions|Path茅,FilmingLocations:MuttontownCountryClub|EastNorwich|NewYork|USASeemore,2289919465,KKQB@outlook.com
CelandineFilms|TheMontyPythonPartnership|UniversalPictures,USA,3726424971,JLFU@outlook.com
CelluloidDreams|HalcyonPictures|TartanFilms,USA,1393817602,WDUF@outlook.com
CentropolisEntertainment|StereoD|TSGEntertainment,USA,7051229076,XUJA@outlook.com
CentropolisFilmProductions|FriedFilms|IndependentPictures(II),UK,9342850782,XNBG@outlook.com
ChannelFourFilms|FigmentFilms|TheNoelGayMotionPictureCompany,USA,7705528071,RZUX@outlook.com
CharlesChaplinProductions,USA,7448307193,JQFL@outlook.com
CharlesK.FeldmanGroup|WarnerBros.,USA,5587205294,ERWG@outlook.com
Chartoff-WinklerProductions,USA|UK|France,121279601,YEQM@outlook.com
CherninEntertainment|CrescendoProductions|GoldenlightFilms,USA,1558206897,ASSS@outlook.com
CherninEntertainment|IngeniousMedia|SohoVFX,USA,4202643101,WLAP@outlook.com
CherninEntertainment|RiverRoadEntertainment|TSGEntertainment,USA,9333465428,HNXV@outlook.com
CherninEntertainment|ScottFreeProductions|Babieka,UK,711065691,UEHP@outlook.com
CherryAlleyProductions|CherryProductions|TouchstoneTelevision,UK,5685854343,HQBY@outlook.com
CheyenneEnterprises|MichaelLobellProductions|RevolutionStudios,USA|France|UK|Austria|Germany|Italy,9131202550,DOEB@outlook.com
ChinaFilmCo.|DreamWorksAnimation|OrientalDreamWorks,USA,4965341644,VOXD@outlook.com
ChockstonePictures|NickWechslerProductions|SilverReel,USA|Japan,5876492576,LAQH@outlook.com
ChrisLeeProductions|SquareCompany|SquareUSA,UK,6295995376,KEEI@outlook.com
ChuckLorreProductions|TannenbaumCompany|The|WarnerBros.Television,USA,9726834035,QKJV@outlook.com
ChuckLorreProductions|WarnerBros.Television,USA,5623265346,CFSD@outlook.com
CiBy2000|JanChapmanProductions|AustralianFilmCommission|The,USA,2797928223,YYRT@outlook.com
CinemaGroupVentures|ParamountPictures,USA,1447864818,NFGX@outlook.com
CinemaLineFilmCorporation|ColumbiaPicturesCorporation|IguanaProducciones,USA,7753298276,DCOF@outlook.com
CinemarqueEntertainmentBV|FilmFutures|RivdelFilms,USA,6284094964,KVMU@outlook.com
CinemaVehicleServices|TheMeyers/ShyerCompany|WaltDisneyPictures,USA,2246250774,RZYP@outlook.com
Cinereach|Court13Pictures|JourneymanPictures,USA,2249675930,OPSQ@outlook.com
Cineriz|Francinex,USA,860670744,HXVA@outlook.com
CircleFilms,USA|UK|Canada,4640150557,VEZI@outlook.com
CircleFilms|TwentiethCenturyFoxFilmCorporation,USA|Canada|NewZealand,3342918863,PSWE@outlook.com
CircleFilms|WorkingTitleFilms,UK|Spain|USA,455275411,MRVS@outlook.com
CircleofConfusion|SkyboundEntertainment|ValhallaEntertainment,USA,3776542123,BKRE@outlook.com
CJEntertainment|MuhanInvestment|Sidus,USA,7503765198,WFEV@outlook.com
ClaudieOssardProductions|UnionG茅n茅raleCin茅matographique(UGC)|VictoiresProductions,China|USA,462139457,JJZT@outlook.com
ClerkenwellFilms,USA|Switzerland,4926684247,EAUS@outlook.com
ClosesttotheHoleProductions|Fighter|MandevilleFilms,USA|Japan,2499006309,MFHN@outlook.com
CloudEightFilms|CeladorFilms|HarpoFilms,USA,6293030465,YDBV@outlook.com
CoachCarter|MTVFilms|MMDPMunichMovieDevelopmentProductionGmbHCo.ProjectKG,USA,674065664,LJMP@outlook.com
CollegeHillPicturesInc.|FakeEmpire|WonderlandSoundandVision,NewZealand|Australia|France,4700812072,FZHC@outlook.com
ColorForce|Lionsgate,USA,611956067,HFUE@outlook.com
ColorForce|Lionsgate|StudioBabelsberg,USA|Brazil|Peru,3615077973,EOBS@outlook.com
ColumbiaPictures|2929Productions|IndustryEntertainment,UK,8057329897,POJN@outlook.com
ColumbiaPictures|AnnapurnaPictures|AtlasEntertainment,USA,3801364316,YVJK@outlook.com
ColumbiaPictures|AnnapurnaPictures|FirstLightProduction,USA,8855312864,MSWG@outlook.com
ColumbiaPictures|ApatowProductions,Italy|France,8997370039,EPAT@outlook.com
ColumbiaPictures|CrossCreekPictures|ExclusiveMediaGroup,USA,7551226451,ZWWD@outlook.com
ColumbiaPictures|DreamWorks|VinylFilms,USA,9892129683,PRND@outlook.com
ColumbiaPictures|EasyThereTigerProductions|ScottRudinProductions,USA|UK,6655496193,UDJX@outlook.com
ColumbiaPictures|EonProductions|CasinoRoyaleProductions,USA,3612616048,CYQK@outlook.com
ColumbiaPictures|FocusFeatures|BBCFilms,SouthKorea,4659445644,QSOF@outlook.com
ColumbiaPictures|Fox2000Pictures|SmokehousePictures,France|Germany,102663989,NBTO@outlook.com
ColumbiaPictures|GarySanchezProductions|Mosaic,UK,5560634395,HIOD@outlook.com
ColumbiaPictures|GhostHousePictures|DarkHorseEntertainment,USA,8072654971,OVOP@outlook.com
ColumbiaPictures|GhostHousePictures|FellahPictures,UK|USA,1231686993,VPSE@outlook.com
ColumbiaPictures|HappyMadisonProductions,USA|Germany,8265002482,ERBV@outlook.com
ColumbiaPictures|HappyMadisonProductions|RelativityMedia,USA,1669925516,QRQX@outlook.com
ColumbiaPictures|HappyMadisonProductions|SonyPicturesEntertainment(SPE),USA,6588315216,WNHW@outlook.com
ColumbiaPictures|HemisphereMediaCapital|AmblinEntertainment,USA,1637339299,XCCI@outlook.com
ColumbiaPictures|HeyEddie|BrokenRoadProductions,USA|Germany,3366239039,RDGI@outlook.com
ColumbiaPictures|HydeParkEntertainment|ImagenationAbuDhabiFZ,USA,6802574981,VRJU@outlook.com
ColumbiaPictures|ImagineEntertainment|LStarCapital,USA,143267613,DVSW@outlook.com
ColumbiaPictures|ImagineEntertainment|SkylarkProductions,USA,8390450376,EROH@outlook.com
ColumbiaPictures|InsideTrack2|AquariumProductions,USA,1324169170,FIKD@outlook.com
ColumbiaPictures|LakeshoreEntertainment|RelativityMedia,USA,6491948930,FOAT@outlook.com
ColumbiaPictures|LStarCapital|ChinaFilmCo.,USA,7873837306,ELYB@outlook.com
ColumbiaPictures|LStarCapital|MaterialPictures,USA,7844079921,UFXE@outlook.com
ColumbiaPictures|LStarCapital|MediaRightsCapital(MRC),UK|CzechRepublic|USA|Germany|Bahamas|Italy,6052936957,YBCN@outlook.com
ColumbiaPictures|LStarCapital|PointGreyPictures,UK|USA,6407542039,RBYO@outlook.com
ColumbiaPictures|LStarCapital|SkydanceMedia,USA|Germany,4297718283,OIKK@163.com
ColumbiaPictures|LStarCapital|VillageRoadshowPictures,USA,2190304626,CZKX@163.com
ColumbiaPictures|MandatePictures|ThreeStrangeAngels,USA|NewZealand,1408824804,RJBJ@163.com
ColumbiaPictures|MarvelEntertainment|LauraZiskinProductions,USA|Japan,1554981935,ORVZ@163.com
ColumbiaPictures|MarvelStudios|LauraZiskinProductions,USA,1229555159,SEQR@163.com
ColumbiaPictures|MarvelStudios|PascalPictures,USA,4239745532,VSLN@163.com
ColumbiaPictures|MediaRightsCapital(MRC)|LStarCapital,USA,1369317093,KARZ@163.com
ColumbiaPictures|MediaRightsCapital(MRC)|RedHourFilms,USA,5214260739,GUMN@163.com
ColumbiaPictures|Metro-Goldwyn-Mayer(MGM)|LStarCapital,USA,8788972493,GVHC@163.com
ColumbiaPictures|Metro-Goldwyn-Mayer(MGM)|RelativityMedia,USA|UnitedArabEmirates,1078954746,AWBX@163.com
ColumbiaPictures|Metro-Goldwyn-Mayer(MGM)|ScottRudinProductions,USA|Hungary,6647142970,GZUL@163.com
ColumbiaPictures|Mosaic,USA|Malta|France|UK,3774288040,ALCQ@163.com
ColumbiaPictures|MythologyEntertainment|CentropolisEntertainment,USA|Italy,3818095654,ZPSG@163.com
ColumbiaPictures|OceanPictures|ApatowProductions,USA|UK,9576684462,UKKS@163.com
ColumbiaPictures|OriginalFilm|K/OCameraToys,USA,5919189620,GDDH@163.com
ColumbiaPictures|OverbrookEntertainment|BlindingEdgePictures,USA|China|Canada,8919899352,YOYS@163.com
ColumbiaPictures|OverbrookEntertainment|SonyPicturesReleasing,USA,8384748969,EWXC@163.com
ColumbiaPictures|ParamountPictures|AmblinEntertainment,USA,1842123827,VEEW@163.com
ColumbiaPictures|Pariah,USA,5700875397,UQMN@163.com
ColumbiaPictures|PlanBEntertainment|RedOmFilms,USA,8803687638,RZIX@163.com
ColumbiaPictures|PointGreyPictures|MandatePictures,USA,6974108345,UVXR@163.com
ColumbiaPictures|QEDInternational|LStarCapital,USA,7127383396,KBSX@163.com
ColumbiaPictures|RelativityMedia|ApatowProductions,USA|Australia,3986432414,ARFU@163.com
ColumbiaPictures|RelativityMedia|AtlasEntertainment,USA,7783845153,PSPI@163.com
ColumbiaPictures|RelativityMedia|BlueLight,USA,5686320179,USRN@163.com
ColumbiaPictures|RelativityMedia|DiBonaventuraPictures,USA,4211504207,FIVF@163.com
ColumbiaPictures|RelativityMedia|HappyMadisonProductions,USA,7717101357,LCNR@163.com
ColumbiaPictures|RelativityMedia|ImageMovers,SouthAfrica|USA,8409395702,IOLU@163.com
ColumbiaPictures|RelativityMedia|OriginalFilm,Germany|Canada|USA,753627979,HHZA@163.com
ColumbiaPictures|RelativityMedia|OverbrookEntertainment,USA,2330509834,EXBL@163.com
ColumbiaPictures|RelativityMedia|Pariah,USA,5368872518,JNOK@163.com
ColumbiaPictures|RelativityMedia|ScottRudinProductions,USA|UK,4526663192,YJQW@163.com
ColumbiaPictures|RelativityMedia|TriggerStreetProductions,USA|Sweden|Norway,2851184611,SBVT@163.com
ColumbiaPictures|SonyPicturesAnimation,USA,1579697741,QNVU@163.com
ColumbiaPictures|SonyPicturesAnimation|KernerEntertainmentCompany,USA,558500198,CTSX@163.com
ColumbiaPictures|SonyPicturesAnimation|SonyPicturesImageworks(SPI),USA,7915747194,SXUG@163.com
ColumbiaPictures|StanleyJaffeProduction,USA,5890830867,YPTA@163.com
ColumbiaPictures|TornadoProductionsInc.|AmblinEntertainment,USA,4090525653,NKBP@163.com
ColumbiaPictures|UniversalPictures|RelativityMedia,USA|China,3622834423,CJFX@163.com
ColumbiaPictures|WeimaranerRepublicPictures|OmbraFilms,USA|NewZealand,6427744988,XZVP@163.com
ColumbiaPicturesCorporation,USA,3577286254,WHVY@163.com
ColumbiaPicturesCorporation|ActIII|ActIIICommunications,USA,5974183154,OZRS@163.com
ColumbiaPicturesCorporation|AmblinEntertainment|Parkes+MacDonaldImageNation,USA,6745681787,POAX@163.com
ColumbiaPicturesCorporation|BeaconCommunications|RadiantProductions,USA|China|UK,3068344693,WMII@163.com
ColumbiaPicturesCorporation|Brillstein-GreyEntertainment|Licht/MuellerFilmCorporation,USA,5760706665,KCEF@163.com
ColumbiaPicturesCorporation|CastleRockEntertainment,USA,8526638122,BPOB@163.com
ColumbiaPicturesCorporation|CentropolisEntertainment|MutualFilmCompany,USA,2673183953,RPWB@163.com
ColumbiaPicturesCorporation|ColumbiaPictures|AmblinEntertainment,USA|Germany|UK|France,9423551369,HUIY@163.com
ColumbiaPicturesCorporation|ColumbiaPictures|Bill/Phillips,USA,4210317077,TGRP@163.com
ColumbiaPicturesCorporation|CruelProductionsLLC|NewmarketCapitalGroup,USA,8001241826,JULZ@163.com
ColumbiaPicturesCorporation|CrystalSkyPictures|RelativityMedia,USA,5016851354,YUQR@163.com
ColumbiaPicturesCorporation|DelphiFilms|BlackRhinoProductions,USA,893425913,KATN@163.com
ColumbiaPicturesCorporation|DelphiIIProductions|JerryWeintraubProductions,USA,6297911626,LWND@163.com
ColumbiaPicturesCorporation|DimensionFilms|TriptychPictures,USA,7957975696,EFHC@163.com
ColumbiaPicturesCorporation|DimensionFilms|TroublemakerStudios,USA,6351443898,LOCS@163.com
ColumbiaPicturesCorporation|DonSimpson/JerryBruckheimerFilms,USA,5199214034,QOQN@163.com
ColumbiaPicturesCorporation|DreamWorks|MontecitoPictureCompany|The,USA,527088698,FNEA@163.com
ColumbiaPicturesCorporation|DreamWorks|SpyglassEntertainment,USA,5805050364,BSVT@163.com
ColumbiaPicturesCorporation|EMIFilms|EMIFilms,USA,3942368632,KVUV@163.com
ColumbiaPicturesCorporation|EscapeArtists|Finestkind,USA,4259379580,HPLX@163.com
ColumbiaPicturesCorporation|Filmhaus|IllusionEntertainment,USA,6962870336,PUGK@163.com
ColumbiaPicturesCorporation|FindingForresterProductions|FountainbridgeFilms,USA,2501598826,LROI@163.com
ColumbiaPicturesCorporation|FlowerFilms(II)|TallTreesProductions,USA,9013583863,FAAF@163.com
ColumbiaPicturesCorporation|ForwardPass|InitialEntertainmentGroup(IEG),USA,5184147038,LPQO@163.com
ColumbiaPicturesCorporation|Franklin/WatermanProductions|GlobalMedienKG,USA,1566674524,YRYY@163.com
ColumbiaPicturesCorporation|GlobalEntertainmentProductionsGmbHCompanyMedienKG,USA,3942196823,XCKF@163.com
ColumbiaPicturesCorporation|GracieFilms,USA,8021631519,LZFH@163.com
ColumbiaPicturesCorporation|HappyMadisonProductions|AnonymousContent,USA,242669650,RKZK@163.com
ColumbiaPicturesCorporation|HawkFilms,USA,516358064,AYSF@163.com
ColumbiaPicturesCorporation|Hofflund/Polone|GlobalEntertainmentProductionsGmbHCompanyMedienKG,USA,781866850,GLIS@163.com
ColumbiaPicturesCorporation|Hofflund/Polone|IndeliblePictures,USA,1741725207,NHCR@163.com
ColumbiaPicturesCorporation|HorizonPictures,USA,4650444109,TMTA@163.com
ColumbiaPicturesCorporation|HorizonPictures(II),USA,5167967384,EQUY@163.com
ColumbiaPicturesCorporation|ImagineEntertainment|JC23Entertainment,USA,8278531982,JUFE@163.com
ColumbiaPicturesCorporation|JerseyFilms,USA,4206997795,HILD@163.com
ColumbiaPicturesCorporation|Jinks/CohenCompany|ZanuckCompany|The,USA,3567871084,MIJA@163.com
ColumbiaPicturesCorporation|KonradPictures,USA,9778263736,ELED@163.com
ColumbiaPicturesCorporation|LosHooligansProductions,USA,5523255161,CHHI@163.com
ColumbiaPicturesCorporation|MarvelEnterprises|LauraZiskinProductions,USA|Germany,2643305818,NHWZ@163.com
ColumbiaPicturesCorporation|MirageEnterprises,USA,2422447045,XJUD@163.com
ColumbiaPicturesCorporation|MirageEnterprises|PunchProductions,USA,8285677243,PENV@163.com
ColumbiaPicturesCorporation|NewLineCinema|HappyMadisonProductions,USA,6012373070,RNJZ@163.com
ColumbiaPicturesCorporation|OakProductions,USA|Germany,9467091628,SOXA@163.com
ColumbiaPicturesCorporation|OriginalFilm|CamelotPictures,USA,4656638113,MYXA@163.com
ColumbiaPicturesCorporation|OriginalFilm|NealH.MoritzProductions,USA,7944562703,BLTM@163.com
ColumbiaPicturesCorporation|OverbrookEntertainment,USA,608350280,BDDU@163.com
ColumbiaPicturesCorporation|Parkes/Laskerproductions,USA|Australia,3553312327,AMOZ@163.com
ColumbiaPicturesCorporation|ParkwayProductions,USA,2731864450,XWNF@163.com
ColumbiaPicturesCorporation|Pricel|TohokushinshaFilmCorporation(TFC),USA,6867459084,ZAUE@qq.com
ColumbiaPicturesCorporation|RadarPictures|TeitlerFilm,USA|Germany,9624657308,RJEC@qq.com
ColumbiaPicturesCorporation|RedWagonEntertainment|3ArtsEntertainment,USA,3934467071,HPAS@qq.com
ColumbiaPicturesCorporation|RelativityMedia|OverbrookEntertainment,USA,4337683608,MALM@qq.com
ColumbiaPicturesCorporation|RevolutionStudios|HappyMadisonProductions,USA,2742607770,AZUZ@qq.com
ColumbiaPicturesCorporation|SKAFilms,USA,3732416524,FYVF@qq.com
ColumbiaPicturesCorporation|UniversalPictures|MELS,USA,7979880680,QRJY@qq.com
ColumbiaPicturesCorporation|UniversalPictures|WWEStudios,USA,5892076150,AJMD@qq.com
ColumbiaPicturesCorporation|WarnerBros.|DarkCastleEntertainment,USA,4270391167,SFWY@qq.com
ColumbiaPicturesCorporation|WarnerBros.|WaverlyFilms,USA,3510426653,XAHZ@qq.com
ColumbiaPicturesFilmProductionAsia|HuayiBrothersMedia|TaiheFilmInvestmentCo.Ltd.,USA|Germany,7759552007,KLNQ@qq.com
ComedyCentral|Braniff|ComedyPartners,USA,3360029359,OGTI@qq.com
CompassInternationalPictures|FalconInternationalProductions,USA,8148686679,YJQC@qq.com
ConstantinFilm|Davis-Films|ImpactPictures,Germany|USA,4093740751,DYYQ@qq.com
ConstantinFilm|ImpactPictures|Nouvelles_ditionsdeFilms(NEF),USA|Germany,5611675326,QDOZ@qq.com
ConstantinFilm|ImpactPictures|StudioBabelsberg,USA,7546690228,WOLI@qq.com
ConstantinFilm|JollyFilm|OceanFilms,USA,2228324794,IHSW@qq.com
ConstantinFilm|NewLegacy|Davis-Films,USA|UK,4541166622,BZAW@qq.com
ConstantinFilm|NorddeutscherRundfunk(NDR)|WestdeutscherRundfunk(WDR),Germany|USA,3616479149,QKIQ@qq.com
ConstantinFilm|UniqueFeatures|Mr.SmithProductions,USA,5388700759,DXRV@qq.com
ConstantinFilm|VIP4Medienfonds|Nouvelles_ditionsdeFilms(NEF),USA,6720357587,KNMQ@qq.com
ConstantinFilmInternational|DavisFilms/ImpactPictures(RE5)|CapcomCompany,UK|USA,962061567,OSWS@qq.com
Constellation|UnionG茅n茅raleCin茅matographique(UGC)|HachettePremi猫re,USA,5046243202,ZEDI@qq.com
CornerProducciones|Deseo|El|InstitutoNacionaldeCineyArtesAudiovisuales(INCAA),USA,2392105513,DVAT@qq.com
CottonwoodPictures|RiverRoadEntertainment|BraceCoveProductions,USA,3692002475,JNCU@qq.com
Craven-MaddalenaFilms|DuneEntertainment|MajorStudioPartners,USA,7240117067,ZJNH@qq.com
Cristaldifilm|LesFilmsAriane|Rai3,USA,3081463961,TSEM@qq.com
CrossbowProductions|WarnerBros.,USA,5557981937,VREH@qq.com
CrossCreekPictures|DemarestFilms|Pandemonium,USA,1146289877,SWKY@qq.com
CrossCreekPictures|HammerFilms|AllianceFilms,USA|UK,2684808242,SPQB@qq.com
CrossCreekPictures|RatPac-DuneEntertainment|GrisbiProductions|Le,USA,299793059,UCLS@qq.com
CrossCreekPictures|WorkingTitleFilms|AntonCapitalEntertainment(ACE),USA,4182729721,JMWE@qq.com
CrowvisionInc.|EdwardR.PressmanFilm|EntertainmentMediaInvestmentCorporation,USA,750080638,UIFL@qq.com
Cruise/WagnerProductions|Sogecine|LasProduccionesdelEscorpi贸n,USA,7984276300,ADTI@qq.com
CubeLibre|FeatureFilmProject|The|HaroldGreenbergFund|The,USA,7121044102,SYBM@qq.com
CubeVision|LBIEntertainment|RainforestFilms,USA,5814277382,FGXR@qq.com
CuriosityCompany|The|20thCenturyFoxTelevision|FoxTelevisionAnimation,USA,6060003682,IHVF@qq.com
CurmudgeonFilms|GranViaProductions|MarkJohnsonProductions,USA,2687915632,MAIU@qq.com
D.N.DreamPartners|Madhouse|NipponTelevisionNetwork(NTV),USA|France|Japan,1544710029,WIJI@qq.com
DaieiMotionPictureCompany,USA,6906217614,GCCT@qq.com
Danjaq|EonProductions|Metro-Goldwyn-Mayer(MGM),USA|Germany,5009886851,SBDY@qq.com
Danjaq|EonProductions|UnitedArtists,USA,9735515374,HLPQ@qq.com
DanmarksRadio(DR)|DetDanskeFilminstitut|Eurimages,USA,8237563733,VSKR@qq.com
D'AntoniProductions|Schine-MooreProductions,UK|USA,1939889926,NVRL@qq.com
DarkCastleEntertainment|AppianWay|StudioBabelsbergMotionPictures,USA|Canada,1070482640,ZJRV@qq.com
DarkCastleEntertainment|PandaProductionsInc.|Canal+,USA,6038629591,XOEH@qq.com
DarrenStarProductions|HomeBoxOffice(HBO)|SexandtheCityProductions,USA|France|Canada|Spain,8389348659,NNRD@qq.com
DavisEntertainment|LawrenceGordonProductions|SilverPictures,USA,1038755364,TZUT@qq.com
DavisEntertainment|MirageEnterprises|ParamountPictures,HongKong|China,8312730668,WAOT@qq.com
DavisEntertainment|UniversalTelevision|SonyPicturesTelevision,USA,55116186,OKJI@qq.com
DavisFilms/ImpactPictures|ConstantinFilmLtd.,USA,3107268921,XODL@qq.com
DawnAssociates|LaurelGroup,France|Australia|Germany|UK|USA|Canada,3440210299,WRJM@qq.com
DCEntertainment|LEGOSystemA/S|LinPictures,Germany|France|USA|Canada|UK,9595601771,NNOS@qq.com
Deedle-DeeProductions|3ArtsEntertainment|UniversalMediaStudios(UMS),Germany|France|UK,883119331,SQAN@qq.com
DeLaurentiisEntertainmentGroup(DEG),Germany|UK|USA,7935236111,GRXM@qq.com
DeLaurentiisEntertainmentGroup(DEG)|DeLaurentiisFilmPartners|InterscopeCommunications,Italy|Spain|WestGermany,5815749201,YSDC@qq.com
DeLaurentiisEntertainmentGroup(DEG)|RenaissancePictures,UK|Germany|France|USA,3869867768,IUNH@qq.com
Dentsu|FujiTelevisionNetwork|IlluminationEntertainment,Germany|Austria|Italy,2523921436,KPTJ@qq.com
Dentsu|MikeZossProductions|WorkingTitleFilms,USA|Germany|Canada,537009042,KPEO@qq.com
DENTSUMusicAndEntertainment|Nibariki|NipponTelevisionNetwork(NTV),Germany|France|Spain|USA,6269638988,KTUP@qq.com
Deseo|El|Antena3Televisi贸n|GoodMachine,Germany|Canada|USA|France|UK,2628056119,FSIC@qq.com
Deseo|El|RennProductions|France2Cin茅ma,France,5983808964,LOEF@qq.com
DesertWolfProductions|NealStreetProductions,Argentina|Spain,4433999390,TZSQ@qq.com
DharmaProductions|FoxSearchlightPictures|FoxStarStudios,USA,5898930678,FWPM@qq.com
DiBonaventuraPictures,USA,2285751928,UVZC@qq.com
DickhouseProductions|MTVFilms,Italy|France,5435608449,UXRX@qq.com
DigitalImageAssociates|ParamountPictures,USA,9492652996,ZFHS@qq.com
DimensionFilms|2929Productions|NickWechslerProductions,Australia|USA,640688496,DRDB@qq.com
DimensionFilms|415Project|BradGreyPictures,UK|Canada|Sweden,2108744051,DNCY@qq.com
DimensionFilms|ABandApart|LosHooligansProductions,USA|UK,654973663,WOWN@qq.com
DimensionFilms|BigTalkProductions|DartmouthInternational,UK|France|USA,3248561613,XEES@qq.com
DimensionFilms|BlueTulipProductions,USA,8349535111,FOYO@qq.com
DimensionFilms|BradGreyPictures,Spain|USA,4612139306,RYIF@qq.com
DimensionFilms|CorvusCoraxProductions|OuterbanksEntertainment,Canada,6319486817,ZUNY@qq.com
DimensionFilms|DarkwoodsProductions|TheWeinsteinCompany,USA,7286071172,HPLG@qq.com
DimensionFilms|IntellectualPropertiesWorldwide(I)|Aja/LevasseurProductions,USA,3476117240,RWTS@qq.com
DimensionFilms|KonradPictures|Craven-MaddalenaFilms,USA,4170111957,HQYL@qq.com
DimensionFilms|LosHooligansProductions,Japan,2825593536,JMXR@qq.com
DimensionFilms|Metro-Goldwyn-Mayer(MGM)|MosaicMediaGroup,Japan,3199747805,NRSD@qq.com
DimensionFilms|NightfallProductions|SpectacleEntertainmentGroup,UK|USA,1257472743,WUCY@qq.com
DimensionFilms|PermutPresentations|Shangri-LaEntertainment,UK|USA,9582034435,AJVV@qq.com
DimensionFilms|TheWeinsteinCompany|DiBonaventuraPictures,Denmark|Sweden,5660865949,GYVS@qq.com
DimensionFilms|TroublemakerStudios,USA,412948107,SYER@qq.com
DimensionFilms|TroublemakerStudios|RodriguezInternationalPictures,USA|Canada|Germany,4647464714,GVBZ@qq.com
DimensionFilms|ViewAskewProductions|Miramax,UK|Germany|France|USA,1489228318,BHFN@qq.com
DimensionFilms|WarnerBros.|AR-TL,USA,3238741994,JIEP@qq.com
DimensionFilms|WayansBros.Entertainment|Gold/MillerProductions,USA,2584589629,ROAD@qq.com
DimensionFilms|WoodsEntertainment,USA,4711730864,JQXB@qq.com
DinoDeLaurentiisCompany,USA,2992328168,UNMY@qq.com
DinoDeLaurentiisCompany|LivingDeadGuyProductions|AXN:OriginalXProduction,Germany|France|UK|Canada|USA,2371053445,LWVA@qq.com
DinoDeLaurentiisCompany|RenaissancePictures|UniversalPictures,USA|Italy,8537202594,DVOR@qq.com
DiNoviPictures|Metro-Goldwyn-Mayer(MGM)|NewLineCinema,USA|Denmark,9050156453,ZFWL@qq.com
DirectorsCompany|The|TheCoppolaCompany|AmericanZoetrope,USA,734614154,ZNBU@qq.com
DNAFilms|Film4|FoxSearchlightPictures,USA,5451216926,GCOU@qq.com
DNAFilms|IngeniousFilmPartners|MovingPictureCompany(MPC),USA,7915231247,QMBK@qq.com
DNAFilms|PeachTrees|RenaFilms,USA,1145809669,TKWL@qq.com
Donner/Shuler-DonnerProductions|IconEntertainmentInternational|IconProductions,USA,4385022608,MPCE@qq.com
Donners'Company|KinbergGenre|MarvelEntertainment,UK|USA|Japan,1725727962,TMZR@qq.com
DonSimpson/JerryBruckheimerFilms,Japan,5465295626,FVUO@qq.com
Doozer|TowersProductions|ABCStudios,Spain,6996685112,ZNHN@qq.com
DorothyParkerDrankHereProductions|Hofflund/Polone|WarnerBros.Television,Spain|France,8851222577,FIKA@qq.com
DoubleDareYou(DDY)|LegendaryEntertainment,USA|Ireland|UK,7116087229,MZHD@qq.com
DoubleSecretProductions|GekkoFilmCorp.|Kawoosh!ProductionsIX,India,297115254,PJWC@qq.com
DovemeadFilms|FilmExportA.G.|InternationalFilmProduction,USA,3339128387,AGJJ@qq.com
DreamWorks|ApatowProductions|Herzog-CowenEntertainment,USA,9380361952,ANZP@qq.com
DreamWorks|BBCFilms|EvamereEntertainment,USA,234160775,ZHDW@qq.com
DreamWorks|BenderSpink|Craven-MaddalenaFilms,USA,4680191751,MTED@qq.com
DreamWorks|BenderSpink|Parkes+MacDonaldImageNation,USA,4983858041,YJZN@qq.com
DreamWorks|ColdSpringPictures|MontecitoPictureCompany|The,USA,1595038976,DCYJ@qq.com
DreamWorks|DeLinePictures|BernardGayleProductions,USA,8959413365,NGKZ@qq.com
DreamWorks|Film4|WingNutFilms,USA,894830901,DJCN@qq.com
DreamWorks|GoldcrestPictures|KMPFilmInvest,USA|Canada,1606751484,PNFE@qq.com
DreamWorks|GranViaProductions,USA,863016107,FFCF@qq.com